{
  "20": {
    "avg_diff": "14.11 m/s",
    "standard_deviation": "33.32 m/s",
    "ant": {
      "vel_avg": 3.5416659007448397,
      "vel_max": 3.6680290699,
      "vel_min": 3.38137340546
    },
    "tpwt": {
      "vel_avg": 3.555776760736196,
      "vel_max": 3.623754,
      "vel_min": 3.468279
    }
  },
  "26": {
    "avg_diff": "9.91 m/s",
    "standard_deviation": "36.75 m/s",
    "ant": {
      "vel_avg": 3.710361625593987,
      "vel_max": 3.8129556179,
      "vel_min": 3.58789110184
    },
    "tpwt": {
      "vel_avg": 3.720270619631902,
      "vel_max": 3.801199,
      "vel_min": 3.64088
    }
  },
  "28": {
    "avg_diff": "0.60 m/s",
    "standard_deviation": "34.16 m/s",
    "ant": {
      "vel_avg": 3.75002117706032,
      "vel_max": 3.85584616661,
      "vel_min": 3.6132941246
    },
    "tpwt": {
      "vel_avg": 3.750617067484663,
      "vel_max": 3.839833,
      "vel_min": 3.666855
    }
  },
  "30": {
    "avg_diff": "0.64 m/s",
    "standard_deviation": "33.57 m/s",
    "ant": {
      "vel_avg": 3.782067259237484,
      "vel_max": 3.88984060287,
      "vel_min": 3.63947319984
    },
    "tpwt": {
      "vel_avg": 3.7814306748466255,
      "vel_max": 3.850557,
      "vel_min": 3.676723
    }
  },
  "32": {
    "avg_diff": "4.38 m/s",
    "standard_deviation": "36.12 m/s",
    "ant": {
      "vel_avg": 3.807093727055139,
      "vel_max": 3.91643023491,
      "vel_min": 3.65292859077
    },
    "tpwt": {
      "vel_avg": 3.802715987730061,
      "vel_max": 3.861659,
      "vel_min": 3.705826
    }
  },
  "34": {
    "avg_diff": "7.79 m/s",
    "standard_deviation": "40.10 m/s",
    "ant": {
      "vel_avg": 3.8288497812966313,
      "vel_max": 3.95014214516,
      "vel_min": 3.65749335289
    },
    "tpwt": {
      "vel_avg": 3.821055539877301,
      "vel_max": 3.888246,
      "vel_min": 3.710356
    }
  }
}
