{
  "4": {
    "ant": {
      "vel_avg": 3.00000193886661,
      "vel_max": 3.15632915497,
      "vel_min": 2.73408699036
    },
    "tpwt": {}
  },
  "5": {
    "ant": {
      "vel_avg": 3.057616668469467,
      "vel_max": 3.21295046806,
      "vel_min": 2.79513287544
    },
    "tpwt": {}
  },
  "6": {
    "ant": {
      "vel_avg": 3.094911910323433,
      "vel_max": 3.24119305611,
      "vel_min": 2.80709004402
    },
    "tpwt": {}
  },
  "7": {
    "ant": {
      "vel_avg": 3.1264158886376126,
      "vel_max": 3.25756382942,
      "vel_min": 2.83202195168
    },
    "tpwt": {}
  },
  "8": {
    "ant": {
      "vel_avg": 3.153393732204947,
      "vel_max": 3.28587198257,
      "vel_min": 2.84916687012
    },
    "tpwt": {}
  },
  "9": {
    "ant": {
      "vel_avg": 3.1794749897425802,
      "vel_max": 3.31092166901,
      "vel_min": 2.88040113449
    },
    "tpwt": {}
  },
  "10": {
    "ant": {
      "vel_avg": 3.203875153303603,
      "vel_max": 3.33859419823,
      "vel_min": 2.91966176033
    },
    "tpwt": {}
  },
  "11": {
    "ant": {
      "vel_avg": 3.2309628442913225,
      "vel_max": 3.365265131,
      "vel_min": 2.92215323448
    },
    "tpwt": {}
  },
  "12": {
    "ant": {
      "vel_avg": 3.261034239075565,
      "vel_max": 3.39046669006,
      "vel_min": 2.97266483307
    },
    "tpwt": {}
  },
  "13": {
    "ant": {
      "vel_avg": 3.292192834781088,
      "vel_max": 3.42063474655,
      "vel_min": 2.98931741714
    },
    "tpwt": {}
  },
  "14": {
    "ant": {
      "vel_avg": 3.325375672342388,
      "vel_max": 3.45545339584,
      "vel_min": 3.05396533012
    },
    "tpwt": {}
  },
  "15": {
    "ant": {
      "vel_avg": 3.359717961821855,
      "vel_max": 3.49255847931,
      "vel_min": 3.10526990891
    },
    "tpwt": {}
  },
  "16": {
    "ant": {
      "vel_avg": 3.395701275705586,
      "vel_max": 3.53033852577,
      "vel_min": 3.15792155266
    },
    "tpwt": {}
  },
  "17": {
    "ant": {
      "vel_avg": 3.4324834900877184,
      "vel_max": 3.56616449356,
      "vel_min": 3.20961332321
    },
    "tpwt": {}
  },
  "18": {
    "ant": {
      "vel_avg": 3.4693956217532835,
      "vel_max": 3.60206365585,
      "vel_min": 3.26493668556
    },
    "tpwt": {}
  },
  "19": {
    "ant": {
      "vel_avg": 3.505769182115714,
      "vel_max": 3.63777971268,
      "vel_min": 3.33169364929
    },
    "tpwt": {}
  },
  "20": {
    "avg_diff": "14.11 m/s",
    "standard_deviation": "33.32 m/s",
    "ant": {
      "vel_avg": 3.5416659007448397,
      "vel_max": 3.6680290699,
      "vel_min": 3.38137340546
    },
    "tpwt": {
      "vel_avg": 3.555776760736196,
      "vel_max": 3.623754,
      "vel_min": 3.468279
    }
  },
  "22": {
    "ant": {
      "vel_avg": 3.607155625499766,
      "vel_max": 3.72496390343,
      "vel_min": 3.47515392303
    },
    "tpwt": {}
  },
  "24": {
    "ant": {
      "vel_avg": 3.6627996216959917,
      "vel_max": 3.7716782093,
      "vel_min": 3.54405474663
    },
    "tpwt": {}
  },
  "25": {
    "ant": {},
    "tpwt": {
      "vel_avg": 3.6926799570552147,
      "vel_max": 3.754072,
      "vel_min": 3.573754
    }
  },
  "26": {
    "avg_diff": "9.91 m/s",
    "standard_deviation": "36.75 m/s",
    "ant": {
      "vel_avg": 3.710361625593987,
      "vel_max": 3.8129556179,
      "vel_min": 3.58789110184
    },
    "tpwt": {
      "vel_avg": 3.720270619631902,
      "vel_max": 3.801199,
      "vel_min": 3.64088
    }
  },
  "28": {
    "avg_diff": "0.60 m/s",
    "standard_deviation": "34.16 m/s",
    "ant": {
      "vel_avg": 3.75002117706032,
      "vel_max": 3.85584616661,
      "vel_min": 3.6132941246
    },
    "tpwt": {
      "vel_avg": 3.750617067484663,
      "vel_max": 3.839833,
      "vel_min": 3.666855
    }
  },
  "30": {
    "avg_diff": "0.64 m/s",
    "standard_deviation": "33.57 m/s",
    "ant": {
      "vel_avg": 3.782067259237484,
      "vel_max": 3.88984060287,
      "vel_min": 3.63947319984
    },
    "tpwt": {
      "vel_avg": 3.7814306748466255,
      "vel_max": 3.850557,
      "vel_min": 3.676723
    }
  },
  "32": {
    "avg_diff": "4.38 m/s",
    "standard_deviation": "36.12 m/s",
    "ant": {
      "vel_avg": 3.807093727055139,
      "vel_max": 3.91643023491,
      "vel_min": 3.65292859077
    },
    "tpwt": {
      "vel_avg": 3.802715987730061,
      "vel_max": 3.861659,
      "vel_min": 3.705826
    }
  },
  "34": {
    "avg_diff": "7.79 m/s",
    "standard_deviation": "40.10 m/s",
    "ant": {
      "vel_avg": 3.8288497812966313,
      "vel_max": 3.95014214516,
      "vel_min": 3.65749335289
    },
    "tpwt": {
      "vel_avg": 3.821055539877301,
      "vel_max": 3.888246,
      "vel_min": 3.710356
    }
  },
  "35": {
    "ant": {},
    "tpwt": {
      "vel_avg": 3.838182098159509,
      "vel_max": 3.918637,
      "vel_min": 3.726183
    }
  },
  "36": {
    "ant": {
      "vel_avg": 3.858712012325757,
      "vel_max": 3.99552178383,
      "vel_min": 3.68495345116
    },
    "tpwt": {}
  },
  "38": {
    "ant": {
      "vel_avg": 3.930053010424371,
      "vel_max": 4.10242462158,
      "vel_min": 3.76407003403
    },
    "tpwt": {}
  },
  "40": {
    "ant": {},
    "tpwt": {
      "vel_avg": 3.858476484662577,
      "vel_max": 3.954358,
      "vel_min": 3.774729
    }
  },
  "45": {
    "ant": {},
    "tpwt": {
      "vel_avg": 3.869781521472393,
      "vel_max": 3.936063,
      "vel_min": 3.784732
    }
  },
  "50": {
    "ant": {},
    "tpwt": {
      "vel_avg": 3.880747245398773,
      "vel_max": 3.935321,
      "vel_min": 3.804632
    }
  },
  "60": {
    "ant": {},
    "tpwt": {
      "vel_avg": 3.899722779141105,
      "vel_max": 3.978657,
      "vel_min": 3.841396
    }
  },
  "70": {
    "ant": {},
    "tpwt": {
      "vel_avg": 3.920793766871165,
      "vel_max": 3.999703,
      "vel_min": 3.849006
    }
  },
  "80": {
    "ant": {},
    "tpwt": {
      "vel_avg": 3.963094134969325,
      "vel_max": 4.031413,
      "vel_min": 3.884538
    }
  },
  "90": {
    "ant": {},
    "tpwt": {
      "vel_avg": 3.996360472392638,
      "vel_max": 4.063169,
      "vel_min": 3.935039
    }
  },
  "100": {
    "ant": {},
    "tpwt": {
      "vel_avg": 4.040046564417177,
      "vel_max": 4.104829,
      "vel_min": 3.989758
    }
  },
  "111": {
    "ant": {},
    "tpwt": {
      "vel_avg": 4.060431865030675,
      "vel_max": 4.133497,
      "vel_min": 4.017241
    }
  },
  "125": {
    "ant": {},
    "tpwt": {
      "vel_avg": 4.116349496932515,
      "vel_max": 4.160998,
      "vel_min": 4.077872
    }
  },
  "135": {
    "ant": {},
    "tpwt": {
      "vel_avg": 4.168355914110429,
      "vel_max": 4.208173,
      "vel_min": 4.11304
    }
  },
  "143": {
    "ant": {},
    "tpwt": {
      "vel_avg": 4.224166895705521,
      "vel_max": 4.28468,
      "vel_min": 4.156853
    }
  }
}
