{"20": {"avg_diff": "16.43 m/s", "standard_deviation": "42.26 m/s", "ant": {"vel_avg": 3.5416659007448397, "vel_max": 3.6680290699, "vel_min": 3.38137340546}, "tpwt": {"vel_avg": 3.558099030674846, "vel_max": 3.657332, "vel_min": 3.42825}}}