{
  "4": {
    "ant": {
      "vel_avg": 2.9966474791042623,
      "vel_max": 3.12940406799,
      "vel_min": 2.77568006516
    },
    "tpwt": {}
  },
  "5": {
    "ant": {
      "vel_avg": 3.057712167990328,
      "vel_max": 3.1969332695,
      "vel_min": 2.84041905403
    },
    "tpwt": {}
  },
  "6": {
    "ant": {
      "vel_avg": 3.0955624411014764,
      "vel_max": 3.22072029114,
      "vel_min": 2.85530972481
    },
    "tpwt": {}
  },
  "7": {
    "ant": {
      "vel_avg": 3.127052042653662,
      "vel_max": 3.23958230019,
      "vel_min": 2.87129378319
    },
    "tpwt": {}
  },
  "8": {
    "ant": {
      "vel_avg": 3.1537259002853553,
      "vel_max": 3.26762247086,
      "vel_min": 2.86679196358
    },
    "tpwt": {}
  },
  "9": {
    "ant": {
      "vel_avg": 3.180082091868197,
      "vel_max": 3.29438662529,
      "vel_min": 2.89947772026
    },
    "tpwt": {}
  },
  "10": {
    "ant": {
      "vel_avg": 3.2048661643695633,
      "vel_max": 3.32005405426,
      "vel_min": 2.93417739868
    },
    "tpwt": {}
  },
  "11": {
    "ant": {
      "vel_avg": 3.2318867282137154,
      "vel_max": 3.34822130203,
      "vel_min": 2.97185516357
    },
    "tpwt": {}
  },
  "12": {
    "ant": {
      "vel_avg": 3.2607316866600544,
      "vel_max": 3.37452721596,
      "vel_min": 3.01449036598
    },
    "tpwt": {}
  },
  "13": {
    "ant": {
      "vel_avg": 3.291820778873006,
      "vel_max": 3.40586400032,
      "vel_min": 3.04322481155
    },
    "tpwt": {}
  },
  "14": {
    "ant": {
      "vel_avg": 3.3247247094013117,
      "vel_max": 3.43957352638,
      "vel_min": 3.09949278831
    },
    "tpwt": {}
  },
  "15": {
    "ant": {
      "vel_avg": 3.3589314111597277,
      "vel_max": 3.4756731987,
      "vel_min": 3.15111899376
    },
    "tpwt": {}
  },
  "16": {
    "ant": {
      "vel_avg": 3.3948855830022406,
      "vel_max": 3.51416921616,
      "vel_min": 3.20706129074
    },
    "tpwt": {}
  },
  "17": {
    "ant": {
      "vel_avg": 3.431958576368852,
      "vel_max": 3.55058455467,
      "vel_min": 3.26240754128
    },
    "tpwt": {}
  },
  "18": {
    "ant": {
      "vel_avg": 3.468931099104644,
      "vel_max": 3.586591959,
      "vel_min": 3.31038403511
    },
    "tpwt": {}
  },
  "19": {
    "ant": {
      "vel_avg": 3.5054452510479233,
      "vel_max": 3.62239551544,
      "vel_min": 3.35173487663
    },
    "tpwt": {}
  },
  "20": {
    "ant": {
      "vel_avg": 3.5408585605726777,
      "vel_max": 3.65269899368,
      "vel_min": 3.3996527195
    },
    "tpwt": {}
  },
  "22": {
    "ant": {
      "vel_avg": 3.6060214889507654,
      "vel_max": 3.71242690086,
      "vel_min": 3.48847532272
    },
    "tpwt": {}
  },
  "24": {
    "ant": {
      "vel_avg": 3.662410867670601,
      "vel_max": 3.76049160957,
      "vel_min": 3.55661582947
    },
    "tpwt": {}
  },
  "25": { "ant": {}, "tpwt": {} },
  "26": {
    "avg_diff": "10.78 m/s",
    "standard_deviation": "36.70 m/s",
    "ant": {
      "vel_avg": 3.710584263984098,
      "vel_max": 3.79890370369,
      "vel_min": 3.60263299942
    },
    "tpwt": {
      "vel_avg": 3.721367262295082,
      "vel_max": 3.7992,
      "vel_min": 3.639841
    }
  },
  "28": {
    "avg_diff": "4.59 m/s",
    "standard_deviation": "36.41 m/s",
    "ant": {
      "vel_avg": 3.7510535782148087,
      "vel_max": 3.8385477066,
      "vel_min": 3.63510227203
    },
    "tpwt": {
      "vel_avg": 3.755641967213115,
      "vel_max": 3.849183,
      "vel_min": 3.654611
    }
  },
  "30": {
    "avg_diff": "0.54 m/s",
    "standard_deviation": "33.91 m/s",
    "ant": {
      "vel_avg": 3.7834148862973223,
      "vel_max": 3.87349295616,
      "vel_min": 3.66782402992
    },
    "tpwt": {
      "vel_avg": 3.782872464480874,
      "vel_max": 3.858019,
      "vel_min": 3.663668
    }
  },
  "32": { "ant": {}, "tpwt": {} },
  "34": { "ant": {}, "tpwt": {} },
  "35": {
    "ant": {},
    "tpwt": {
      "vel_avg": 3.8416356010928956,
      "vel_max": 3.933097,
      "vel_min": 3.728232
    }
  },
  "40": {
    "ant": {},
    "tpwt": {
      "vel_avg": 3.8638213060109288,
      "vel_max": 3.969533,
      "vel_min": 3.773205
    }
  },
  "45": {
    "ant": {},
    "tpwt": {
      "vel_avg": 3.870352737704918,
      "vel_max": 3.939949,
      "vel_min": 3.789035
    }
  },
  "50": {
    "ant": {},
    "tpwt": {
      "vel_avg": 3.8817728743169404,
      "vel_max": 3.942011,
      "vel_min": 3.804267
    }
  },
  "60": {
    "ant": {},
    "tpwt": {
      "vel_avg": 3.897070617486338,
      "vel_max": 3.971991,
      "vel_min": 3.842649
    }
  },
  "70": {
    "ant": {},
    "tpwt": {
      "vel_avg": 3.9149152896174875,
      "vel_max": 3.998773,
      "vel_min": 3.824727
    }
  },
  "80": {
    "ant": {},
    "tpwt": {
      "vel_avg": 3.958479202185793,
      "vel_max": 4.030973,
      "vel_min": 3.88093
    }
  },
  "90": {
    "ant": {},
    "tpwt": {
      "vel_avg": 3.993824661202186,
      "vel_max": 4.07487,
      "vel_min": 3.91346
    }
  },
  "100": {
    "ant": {},
    "tpwt": {
      "vel_avg": 4.0297455409836065,
      "vel_max": 4.097951,
      "vel_min": 3.957581
    }
  },
  "111": {
    "ant": {},
    "tpwt": {
      "vel_avg": 4.056773355191257,
      "vel_max": 4.128155,
      "vel_min": 4.009392
    }
  },
  "125": {
    "ant": {},
    "tpwt": {
      "vel_avg": 4.1147526448087435,
      "vel_max": 4.160376,
      "vel_min": 4.082147
    }
  },
  "135": {
    "ant": {},
    "tpwt": {
      "vel_avg": 4.167714480874317,
      "vel_max": 4.211737,
      "vel_min": 4.107545
    }
  },
  "143": {
    "ant": {},
    "tpwt": {
      "vel_avg": 4.224720606557377,
      "vel_max": 4.274846,
      "vel_min": 4.164176
    }
  }
}
