{"20": {"avg_diff": "27.743 m/s", "ant": {"vel_avg": 3.5303559679468015, "vel_max": 3.64942979813, "vel_min": 3.37197446823}, "tpwt": {"vel_avg": 3.558099030674846, "vel_max": 3.657332, "vel_min": 3.42825}}, "26": {"avg_diff": "18.208 m/s", "ant": {"vel_avg": 3.710361625593987, "vel_max": 3.8129556179, "vel_min": 3.58789110184}, "tpwt": {"vel_avg": 3.7285695889570545, "vel_max": 3.810601, "vel_min": 3.637771}}, "28": {"avg_diff": "13.222 m/s", "ant": {"vel_avg": 3.75002117706032, "vel_max": 3.85584616661, "vel_min": 3.6132941246}, "tpwt": {"vel_avg": 3.763243245398773, "vel_max": 3.838255, "vel_min": 3.642245}}, "30": {"avg_diff": "12.960 m/s", "ant": {"vel_avg": 3.782067259237484, "vel_max": 3.88984060287, "vel_min": 3.63947319984}, "tpwt": {"vel_avg": 3.795027263803681, "vel_max": 3.856139, "vel_min": 3.703504}}, "34": {"avg_diff": "1.860 m/s", "ant": {"vel_avg": 3.8288497812966313, "vel_max": 3.95014214516, "vel_min": 3.65749335289}, "tpwt": {"vel_avg": 3.830709846625766, "vel_max": 3.891838, "vel_min": 3.734357}}, "38": {"avg_diff": "88.452 m/s", "ant": {"vel_avg": 3.930053010424371, "vel_max": 4.10242462158, "vel_min": 3.76407003403}, "tpwt": {"vel_avg": 3.8416009018404913, "vel_max": 3.905902, "vel_min": 3.720706}}}