{
  "26": {
    "avg_diff": "16.06 m/s",
    "standard_deviation": "38.93 m/s",
    "ant": {
      "vel_avg": 3.6985139191022394,
      "vel_max": 3.83833241463,
      "vel_min": 3.56438374519
    },
    "tpwt": {
      "vel_avg": 3.71457326993865,
      "vel_max": 3.781767,
      "vel_min": 3.61031
    }
  },
  "28": {
    "avg_diff": "10.22 m/s",
    "standard_deviation": "38.67 m/s",
    "ant": {
      "vel_avg": 3.737202686541834,
      "vel_max": 3.8959209919,
      "vel_min": 3.59289073944
    },
    "tpwt": {
      "vel_avg": 3.7474272024539874,
      "vel_max": 3.807544,
      "vel_min": 3.67114
    }
  },
  "30": {
    "avg_diff": "15.24 m/s",
    "standard_deviation": "42.17 m/s",
    "ant": {
      "vel_avg": 3.7686694608824944,
      "vel_max": 3.94304323196,
      "vel_min": 3.61388635635
    },
    "tpwt": {
      "vel_avg": 3.7839054049079754,
      "vel_max": 3.866812,
      "vel_min": 3.683924
    }
  },
  "32": {
    "avg_diff": "4.03 m/s",
    "standard_deviation": "43.03 m/s",
    "ant": {
      "vel_avg": 3.7936246837380807,
      "vel_max": 3.98099541664,
      "vel_min": 3.63176226616
    },
    "tpwt": {
      "vel_avg": 3.7976499754601223,
      "vel_max": 3.876887,
      "vel_min": 3.673109
    }
  },
  "34": {
    "avg_diff": "12.65 m/s",
    "standard_deviation": "46.79 m/s",
    "ant": {
      "vel_avg": 3.8138045735960766,
      "vel_max": 4.00167036057,
      "vel_min": 3.64596509933
    },
    "tpwt": {
      "vel_avg": 3.8264502269938645,
      "vel_max": 3.90797,
      "vel_min": 3.694957
    }
  }
}
