{
  "4": {
    "ant": {
      "vel_avg": 2.9998607459974846,
      "vel_max": 3.12940406799,
      "vel_min": 2.77568006516
    },
    "tpwt": {}
  },
  "5": {
    "ant": {
      "vel_avg": 3.0567099609260735,
      "vel_max": 3.1969332695,
      "vel_min": 2.84041905403
    },
    "tpwt": {}
  },
  "6": {
    "ant": {
      "vel_avg": 3.0940923924826382,
      "vel_max": 3.22072029114,
      "vel_min": 2.85530972481
    },
    "tpwt": {}
  },
  "7": {
    "ant": {
      "vel_avg": 3.12562331246454,
      "vel_max": 3.23958230019,
      "vel_min": 2.87129378319
    },
    "tpwt": {}
  },
  "8": {
    "ant": {
      "vel_avg": 3.152273337534049,
      "vel_max": 3.26762247086,
      "vel_min": 2.86679196358
    },
    "tpwt": {}
  },
  "9": {
    "ant": {
      "vel_avg": 3.178393343474846,
      "vel_max": 3.29438662529,
      "vel_min": 2.89947772026
    },
    "tpwt": {}
  },
  "10": {
    "ant": {
      "vel_avg": 3.2030505080903064,
      "vel_max": 3.32005405426,
      "vel_min": 2.93417739868
    },
    "tpwt": {}
  },
  "11": {
    "ant": {
      "vel_avg": 3.2306087777657053,
      "vel_max": 3.34822130203,
      "vel_min": 2.97185516357
    },
    "tpwt": {}
  },
  "12": {
    "ant": {
      "vel_avg": 3.26074950095362,
      "vel_max": 3.37452721596,
      "vel_min": 3.01449036598
    },
    "tpwt": {}
  },
  "13": {
    "ant": {
      "vel_avg": 3.292043491375521,
      "vel_max": 3.40586400032,
      "vel_min": 3.04322481155
    },
    "tpwt": {}
  },
  "14": {
    "ant": {
      "vel_avg": 3.3253915529309817,
      "vel_max": 3.43957352638,
      "vel_min": 3.09949278831
    },
    "tpwt": {}
  },
  "15": {
    "ant": {
      "vel_avg": 3.3598741651315343,
      "vel_max": 3.4756731987,
      "vel_min": 3.15111899376
    },
    "tpwt": {}
  },
  "16": {
    "ant": {
      "vel_avg": 3.3961357938733747,
      "vel_max": 3.51416921616,
      "vel_min": 3.20706129074
    },
    "tpwt": {}
  },
  "17": {
    "ant": {
      "vel_avg": 3.433061292566135,
      "vel_max": 3.55058455467,
      "vel_min": 3.26240754128
    },
    "tpwt": {}
  },
  "18": {
    "ant": {
      "vel_avg": 3.4700047531009206,
      "vel_max": 3.586591959,
      "vel_min": 3.31038403511
    },
    "tpwt": {}
  },
  "19": {
    "ant": {
      "vel_avg": 3.5064204470511657,
      "vel_max": 3.62239551544,
      "vel_min": 3.35173487663
    },
    "tpwt": {}
  },
  "20": {
    "avg_diff": "14.35 m/s",
    "standard_deviation": "34.67 m/s",
    "ant": {
      "vel_avg": 3.542411144525828,
      "vel_max": 3.65269899368,
      "vel_min": 3.3996527195
    },
    "tpwt": {
      "vel_avg": 3.5567578773006128,
      "vel_max": 3.620136,
      "vel_min": 3.466463
    }
  },
  "22": {
    "ant": {
      "vel_avg": 3.6078461269661353,
      "vel_max": 3.71242690086,
      "vel_min": 3.48847532272
    },
    "tpwt": {}
  },
  "24": {
    "ant": {
      "vel_avg": 3.663577053444969,
      "vel_max": 3.76049160957,
      "vel_min": 3.55661582947
    },
    "tpwt": {}
  },
  "25": {
    "ant": {},
    "tpwt": {
      "vel_avg": 3.6942723067484655,
      "vel_max": 3.76191,
      "vel_min": 3.579406
    }
  },
  "26": {
    "avg_diff": "8.04 m/s",
    "standard_deviation": "36.53 m/s",
    "ant": {
      "vel_avg": 3.710795247481779,
      "vel_max": 3.79890370369,
      "vel_min": 3.60263299942
    },
    "tpwt": {
      "vel_avg": 3.718832061349694,
      "vel_max": 3.790035,
      "vel_min": 3.639841
    }
  },
  "28": {
    "avg_diff": "2.85 m/s",
    "standard_deviation": "36.12 m/s",
    "ant": {
      "vel_avg": 3.750176065538037,
      "vel_max": 3.8385477066,
      "vel_min": 3.63510227203
    },
    "tpwt": {
      "vel_avg": 3.75302709202454,
      "vel_max": 3.849183,
      "vel_min": 3.654611
    }
  },
  "30": {
    "avg_diff": "0.81 m/s",
    "standard_deviation": "33.87 m/s",
    "ant": {
      "vel_avg": 3.782056246798527,
      "vel_max": 3.87349295616,
      "vel_min": 3.66782402992
    },
    "tpwt": {
      "vel_avg": 3.781247773006135,
      "vel_max": 3.849661,
      "vel_min": 3.663668
    }
  },
  "32": {
    "ant": {},
    "tpwt": {
      "vel_avg": 3.804515153374233,
      "vel_max": 3.865413,
      "vel_min": 3.714043
    }
  },
  "34": {
    "ant": {},
    "tpwt": {
      "vel_avg": 3.82155818404908,
      "vel_max": 3.888574,
      "vel_min": 3.714048
    }
  },
  "35": {
    "ant": {},
    "tpwt": {
      "vel_avg": 3.8356089631901837,
      "vel_max": 3.906176,
      "vel_min": 3.728232
    }
  },
  "36": { "ant": {}, "tpwt": {} },
  "38": { "ant": {}, "tpwt": {} },
  "40": {
    "ant": {},
    "tpwt": {
      "vel_avg": 3.8604463926380372,
      "vel_max": 3.963197,
      "vel_min": 3.773205
    }
  },
  "45": {
    "ant": {},
    "tpwt": {
      "vel_avg": 3.869973300613497,
      "vel_max": 3.939949,
      "vel_min": 3.789035
    }
  },
  "50": {
    "ant": {},
    "tpwt": {
      "vel_avg": 3.881790938650307,
      "vel_max": 3.942011,
      "vel_min": 3.804267
    }
  },
  "60": {
    "ant": {},
    "tpwt": {
      "vel_avg": 3.898188588957055,
      "vel_max": 3.971991,
      "vel_min": 3.842649
    }
  },
  "70": {
    "ant": {},
    "tpwt": {
      "vel_avg": 3.919231809815951,
      "vel_max": 3.998773,
      "vel_min": 3.841757
    }
  },
  "80": {
    "ant": {},
    "tpwt": {
      "vel_avg": 3.9621832944785274,
      "vel_max": 4.030973,
      "vel_min": 3.888005
    }
  },
  "90": {
    "ant": {},
    "tpwt": {
      "vel_avg": 3.9991526196319014,
      "vel_max": 4.07487,
      "vel_min": 3.939758
    }
  },
  "100": {
    "ant": {},
    "tpwt": {
      "vel_avg": 4.033175484662577,
      "vel_max": 4.097951,
      "vel_min": 3.959302
    }
  },
  "111": {
    "ant": {},
    "tpwt": {
      "vel_avg": 4.0588908650306745,
      "vel_max": 4.128155,
      "vel_min": 4.015793
    }
  },
  "125": {
    "ant": {},
    "tpwt": {
      "vel_avg": 4.117003760736196,
      "vel_max": 4.160376,
      "vel_min": 4.082147
    }
  },
  "135": {
    "ant": {},
    "tpwt": {
      "vel_avg": 4.168537601226995,
      "vel_max": 4.211737,
      "vel_min": 4.107545
    }
  },
  "143": {
    "ant": {},
    "tpwt": {
      "vel_avg": 4.225237730061349,
      "vel_max": 4.274846,
      "vel_min": 4.164176
    }
  }
}
